Index:,33,,,,,
Station Description:,North Sea - Helgoland Roads,,,,,
Region:,North Sea,,,,,
Latitude:,54.1833 N,,,,,
Longitude:,7.9 E,,,,,
Measurement Depth/Range:,Surface,,,,,
Long Term Averaging Period:,1991-2020,1991-2020,,,,
Long Term Mean:,10.68,32.387,,,,
Standard Deviation:,0.67,0.409,,,,
Spatial Coverage:,Point measurement from bucket sample,,,,,
Vertical Coverage:,surface,,,,,
Temporal Coverage:,original data is work-daily, weather permitting,,,,,
Averaging Method:,Average of monthly means,,,,,
Seasonal Cycle:,Seasonal cycle has not been removed.,,,,,
Reference:,""Wiltshire, K. H, et al. (2010), Helgoland roads, North Sea: 45 years of change. Estuaries and Coasts, 33, 295-310,https://doi.org/10.1007/s12237-009-9228-y"",,,,,
Notes:,""Data processing (monthly means) by BSH (manuela.koellner@bsh.de). Data from the 1950s partly stem from various sources and stations nearby, merged with HR data via correlation analysis done by BSH"",,,,,
Data Source:,Alfred-Wegener-Institut (AWI) - Helmholtz-Zentrum für Polar- und Meeresforschung,,,,,
Contact Name (email):,Inga Kirstein (inga.kirstein@awi.de),,,,,
Location of source datasets:,Alfred-Wegener-Institut (AWI) - Helmholtz-Zentrum für Polar- und Meeresforschung,,,,,
Data Protection:,Include on ICES website for free distribution.,,,,,
Year,Temperature °C,Temperature Anomaly °C,Temperature Anomaly Normalised °C,Salinity,Salinity Anomaly,Salinity Anomaly Normalised
1950,10.30,-0.38,-0.57,32.796,0.409,1.000
1951,9.71,-0.97,-1.46,32.691,0.304,0.745
1952,9.50,-1.18,-1.77,32.025,-0.362,-0.886
1953,10.08,-0.60,-0.90,31.927,-0.460,-1.124
1954,8.94,-1.74,-2.61,32.731,0.344,0.841
1955,9.18,-1.50,-2.25,31.543,-0.844,-2.065
1956,8.87,-1.81,-2.71,31.224,-1.163,-2.846
1957,9.89,-0.79,-1.19,31.745,-0.642,-1.570
1958,9.56,-1.12,-1.68,31.813,-0.574,-1.404
1959,10.37,-0.31,-0.47,32.388,0.001,0.002
1960,10.02,-0.67,-1.00,32.883,0.496,1.214
1961,10.66,-0.02,-0.04,31.151,-1.236,-3.024
1962,9.34,-1.34,-2.00,31.495,-0.892,-2.181
1963,8.30,-2.38,-3.57,32.690,0.303,0.741
1964,9.40,-1.28,-1.91,32.735,0.348,0.852
1965,9.48,-1.20,-1.80,31.571,-0.816,-1.997
1965,9.67,-1.01,-1.51,31.652,-0.735,-1.799
1966,10.37,-0.31,-0.46,31.213,-1.174,-2.873
1968,9.85,-0.83,-1.24,31.872,-0.516,-1.261
1969,9.37,-1.31,-1.97,31.761,-0.626,-1.532
1970,9.22,-1.46,-2.18,31.295,-1.092,-2.672
1971,9.77,-0.91,-1.36,32.275,-0.112,-0.275
1972,9.62,-1.06,-1.58,32.877,0.490,1.198
1973,10.14,-0.54,-0.81,32.212,-0.175,-0.429
1974,9.99,-0.70,-1.04,32.566,0.179,0.437
1975,10.64,-0.05,-0.07,31.821,-0.566,-1.385
1976,9.90,-0.78,-1.17,32.227,-0.160,-0.392
1977,9.86,-0.82,-1.23,32.607,0.220,0.537
1978,9.70,-0.98,-1.47,32.258,-0.129,-0.315
1979,8.55,-2.13,-3.18,32.215,-0.172,-0.421
1980,9.57,-1.11,-1.67,31.620,-0.767,-1.876
1981,9.39,-1.29,-1.93,30.754,-1.633,-3.996
1982,9.86,-0.83,-1.24,31.503,-0.884,-2.163
1983,10.10,-0.59,-0.88,31.208,-1.179,-2.884
1984,9.57,-1.11,-1.66,32.059,-0.328,-0.803
1985,8.98,-1.71,-2.55,31.909,-0.478,-1.168
1986,8.90,-1.78,-2.66,32.088,-0.299,-0.730
1987,8.90,-1.78,-2.66,30.855,-1.532,-3.747
1988,10.22,-0.46,-0.69,31.552,-0.835,-2.043
1989,10.95,0.26,0.40,32.225,-0.162,-0.396
1990,11.07,0.38,0.57,32.611,0.224,0.549
1991,9.85,-0.83,-1.24,32.935,0.548,1.342
1992,10.44,-0.25,-0.37,32.840,0.453,1.108
1993,9.72,-0.96,-1.44,32.523,0.136,0.332
1994,10.42,-0.26,-0.39,32.111,-0.277,-0.676
1995,10.96,0.28,0.41,31.356,-1.031,-2.521
1996,8.84,-1.84,-2.75,32.316,-0.072,-0.175
1997,10.05,-0.63,-0.95,32.398,0.011,0.028
1998,10.35,-0.33,-0.49,32.734,0.347,0.848
1999,10.94,0.26,0.39,32.397,0.010,0.025
2000,10.68,-0.00,-0.00,32.152,-0.235,-0.575
2001,10.66,-0.02,-0.03,31.590,-0.798,-1.951
2002,11.01,0.33,0.49,31.963,-0.424,-1.038
2003,10.80,0.12,0.18,32.363,-0.024,-0.058
2004,10.67,-0.01,-0.01,32.371,-0.016,-0.038
2005,10.78,0.10,0.15,32.260,-0.127,-0.310
2006,10.97,0.29,0.43,32.678,0.291,0.712
2007,11.57,0.89,1.33,31.740,-0.647,-1.584
2008,10.97,0.28,0.43,32.622,0.235,0.574
2009,10.69,0.01,0.02,32.762,0.375,0.917
2010,9.61,-1.07,-1.61,32.008,-0.379,-0.926
2011,10.38,-0.30,-0.46,32.238,-0.149,-0.365
2012,10.45,-0.24,-0.35,32.562,0.175,0.429
2013,9.92,-0.76,-1.14,31.766,-0.621,-1.518
2014,11.86,1.18,1.76,32.781,0.394,0.964
2015,11.09,0.41,0.61,32.478,0.091,0.222
2016,11.57,0.89,1.33,32.709,0.322,0.788
2017,11.21,0.53,0.80,32.496,0.109,0.266
2018,10.94,0.26,0.39,32.989,0.602,1.472
2019,11.28,0.60,0.89,32.774,0.387,0.948
2020,11.77,1.08,1.62,32.699,0.312,0.763
2021,11.07,0.39,0.59,32.141,-0.246,-0.602
2022,11.69,1.01,1.51,32.314,-0.073,-0.180
2023,11.75,1.07,1.59,32.390,0.003,0.007
2024,12.11,1.43,2.14,32.278,-0.109,-0.266
