Index:,33,,,,,,, 
Station Description:,North Sea - Helgoland Roads,,,,,,, 
Region:,North Sea,,,,,,, 
Latitude:,54.1833 N,,,,,,, 
Longitude:,7.9 E,,,,,,, 
Measurement Depth/Range:,Surface,,,,,,, 
Long Term Averaging Period:,1991-2020,1991-2020,,,,,, 
Long Term Mean:,10.68,32.387,,,,,, 
Standard Deviation:,0.67,0.409,,,,,, 
Spatial Coverage:,Point measurement from bucket samples,,,,,,, 
Vertical Coverage:,surface,,,,,,, 
Temporal Coverage:,original data is work-daily - weather permitting,,,,,,, 
Averaging Method:,monthly means of work-daily data,,,,,,, 
Seasonal Cycle:,Seasonal cycle has not been removed.,,,,,,, 
Reference:,Wiltshire et al. (2010) - https://doi.org/10.1007/s12237-009-9228-y; de Amorim et al. (2023) - https://doi.org/10.1016/j.pocean.2023.103080,,,,,,, 
Notes:,Data processing (source data) by AWI (inga.kirstein@awi.de) and monthly means by BSH (manuela.koellner@bsh.de). Data from the 1950s partly stem from various sources and stations nearby. They are merged with HR data via correlation analysis done by BSH,,,,,,, 
Data Source:,Alfred-Wegener-Institut (AWI) - Helmholtz-Zentrum für Polar- und Meeresforschung,,,,,,, 
Contact Name (email):,Inga Kirstein (inga.kirstein@awi.de),,,,,,, 
Location of source datasets:,Alfred-Wegener-Institut (AWI) - Helmholtz-Zentrum für Polar- und Meeresforschung,,,,,,, 
Data Protection:,Include on ICES website for free distribution.,,,,,,, 
Monthly Mean Statistics,,,,,,,, 
Month,Temperature °C,SD,Min,Max,Salinity,SD,Min,Max 
0.5,5.37,0.93,3.15,7.52,32.754,0.796,30.676,33.971
1.5,4.31,1.19,0.72,6.21,32.429,1.048,29.790,34.075
2.5,4.63,1.32,0.81,6.69,32.305,1.061,28.820,34.069
3.5,6.67,1.21,3.63,9.03,31.840,1.052,28.893,33.469
4.5,9.72,0.89,7.21,11.63,32.038,0.639,30.026,32.944
5.5,13.38,0.79,11.28,14.81,31.989,0.810,29.943,33.519
6.5,16.35,0.73,14.33,17.57,31.980,0.761,29.429,33.742
7.5,17.79,0.66,16.29,18.93,32.211,0.489,31.263,33.526
8.5,16.95,0.78,15.29,18.79,32.428,0.529,31.286,33.568
9.5,14.26,0.88,12.70,16.30,32.766,0.607,31.277,33.578
10.5,10.96,1.00,8.78,13.17,32.934,0.729,31.010,33.798
11.5,7.81,1.05,4.84,9.46,32.970,0.716,30.866,33.916
Measured Data for year 2016,,,,,,,, 
Month,Temperature °C,Salinity,,,,,, 
0.5,6.34,33.508,,,,,,
1.5,5.37,32.574,,,,,,
2.5,5.91,32.914,,,,,,
3.5,7.57,33.221,,,,,,
4.5,10.59,31.860,,,,,,
5.5,13.85,32.729,,,,,,
6.5,16.87,32.399,,,,,,
7.5,18.29,31.886,,,,,,
8.5,18.79,32.266,,,,,,
9.5,15.04,32.792,,,,,,
10.5,15.04,33.219,,,,,,
11.5,8.71,33.139,,,,,,
Measured Data for year 2017,,,,,,,, 
Month,Temperature °C,Salinity,,,,,, 
0.5,5.80,32.483,,,,,,
1.5,5.00,33.710,,,,,,
2.5,5.19,33.347,,,,,,
3.5,7.39,31.417,,,,,,
4.5,10.13,31.653,,,,,,
5.5,14.35,32.304,,,,,,
6.5,16.86,32.068,,,,,,
7.5,17.87,32.652,,,,,,
8.5,17.38,32.689,,,,,,
9.5,15.15,33.105,,,,,,
10.5,15.15,31.905,,,,,,
11.5,7.81,32.615,,,,,,
Measured Data for year 2018,,,,,,,, 
Month,Temperature °C,Salinity,,,,,, 
0.5,6.13,33.464,,,,,,
1.5,4.52,32.941,,,,,,
2.5,3.36,33.658,,,,,,
3.5,5.75,33.469,,,,,,
4.5,9.44,32.748,,,,,,
5.5,13.64,32.542,,,,,,
6.5,17.36,31.710,,,,,,
7.5,18.49,32.651,,,,,,
8.5,17.68,32.823,,,,,,
9.5,14.78,32.677,,,,,,
10.5,14.78,33.265,,,,,,
11.5,8.71,33.916,,,,,,
Measured Data for year 2019,,,,,,,, 
Month,Temperature °C,Salinity,,,,,, 
0.5,5.89,32.800,,,,,,
1.5,5.14,33.056,,,,,,
2.5,5.82,32.352,,,,,,
3.5,7.67,32.041,,,,,,
4.5,10.28,32.178,,,,,,
5.5,13.86,32.756,,,,,,
6.5,16.15,32.559,,,,,,
7.5,17.82,32.948,,,,,,
8.5,17.47,32.877,,,,,,
9.5,15.04,33.009,,,,,,
10.5,15.04,33.265,,,,,,
11.5,8.62,33.452,,,,,,
Measured Data for year 2020,,,,,,,, 
Month,Temperature °C,Salinity,,,,,, 
0.5,6.98,33.542,,,,,,
1.5,6.21,32.416,,,,,,
2.5,6.53,32.637,,,,,,
3.5,8.05,31.761,,,,,,
4.5,10.30,31.851,,,,,,
5.5,14.05,31.994,,,,,,
6.5,16.37,32.475,,,,,,
7.5,18.49,32.644,,,,,,
8.5,17.70,32.961,,,,,,
9.5,15.03,33.344,,,,,,
10.5,15.03,33.362,,,,,,
11.5,9.25,33.399,,,,,,
Measured Data for year 2021,,,,,,,, 
Month,Temperature °C,Salinity,,,,,, 
0.5,6.46,33.600,,,,,,
1.5,3.93,33.420,,,,,,
2.5,4.56,32.650,,,,,,
3.5,6.54,30.420,,,,,,
4.5,8.77,30.910,,,,,,
5.5,13.64,31.180,,,,,,
6.5,16.92,32.030,,,,,,
7.5,17.92,32.450,,,,,,
8.5,17.74,31.820,,,,,,
9.5,15.28,32.210,,,,,,
10.5,15.28,32.440,,,,,,
11.5,8.78,32.560,,,,,,
Measured Data for year 2022,,,,,,,, 
Month,Temperature °C,Salinity,,,,,, 
0.5,6.66,32.688,,,,,,
1.5,5.53,30.809,,,,,,
2.5,6.28,32.550,,,,,,
3.5,7.55,31.617,,,,,,
4.5,11.03,31.549,,,,,,
5.5,14.39,31.968,,,,,,
6.5,16.92,31.969,,,,,,
7.5,18.77,31.704,,,,,,
8.5,17.18,32.672,,,,,,
9.5,14.76,33.043,,,,,,
10.5,14.76,33.513,,,,,,
11.5,8.81,33.682,,,,,,
Measured Data for year 2023,,,,,,,, 
Month,Temperature °C,Salinity,,,,,, 
0.5,7.17,33.420,,,,,,
1.5,5.91,32.139,,,,,,
2.5,5.90,31.370,,,,,,
3.5,7.60,32.504,,,,,,
4.5,10.44,32.082,,,,,,
5.5,14.33,31.922,,,,,,
6.5,17.05,32.651,,,,,,
7.5,18.21,32.401,,,,,,
8.5,18.63,32.678,,,,,,
9.5,15.91,32.723,,,,,,
10.5,15.91,32.371,,,,,,
11.5,8.15,32.416,,,,,,
Measured Data for year 2024,,,,,,,, 
Month,Temperature °C,Salinity,,,,,, 
0.5,6.31,31.521,,,,,,
1.5,6.12,31.700,,,,,,
2.5,6.92,32.529,,,,,,
3.5,8.67,31.995,,,,,,
4.5,12.38,32.459,,,,,,
5.5,14.51,32.296,,,,,,
6.5,17.13,32.202,,,,,,
7.5,18.92,32.078,,,,,,
8.5,18.12,32.378,,,,,,
9.5,14.94,32.911,,,,,,
10.5,14.94,32.726,,,,,,
11.5,9.05,32.543,,,,,,
