Station Description:,Modelled North Sea Inflow,,
Region:,8&9,,
Latitude:,59 N,,
Longitude:,1 E,,
Measurement Depth/Range:,Depth Averaged,,
Sampling Frequency:,Monthly Mean Modelled Output,,
Notes:,Modelled Volume Transport between Orkney - Scotland and Utsira - Norway (-Inflow is flow in a southwards direction. +Outflow is flow in a northward direction. +NetFlow is flow in a northward direction) Units Svedrup 10^6m^3/s,,
Data Source:,IMR - Institute of Marine Research - Norway,,
Contact Name (email):,Jon Albretsen (jon.albretsen@hi.no),,
Location of source datasets:,IMR - Institute of Marine Research - Norway,,
Data Protection:,Include on ICES website for free distribution.,,
Decimal Year,Inflow (Sv),Outflow (Sv),Net Flow (Sv)
1985.0417,-0.959,1.228,0.269
1985.1250,-1.108,1.555,0.447
1985.2083,-0.961,1.231,0.270
1985.2917,-0.863,1.168,0.305
1985.3750,-0.754,1.086,0.332
1985.4583,-1.032,1.298,0.266
1985.5417,-1.275,1.609,0.334
1985.6250,-1.247,1.692,0.445
1985.7083,-1.491,1.804,0.313
1985.7917,-1.718,2.043,0.325
1985.8750,-1.162,1.426,0.264
1985.9583,-1.394,1.765,0.371
1986.0417,-1.186,1.621,0.435
1986.1250,-0.801,1.105,0.304
1986.2083,-1.532,1.877,0.345
1986.2917,-0.702,1.043,0.341
1986.3750,-1.367,1.772,0.405
1986.4583,-1.101,1.400,0.299
1986.5417,-1.356,1.639,0.283
1986.6250,-1.153,1.460,0.307
1986.7083,-1.577,1.828,0.251
1986.7917,-1.834,2.134,0.300
1986.8750,-1.855,2.366,0.511
1986.9583,-1.675,2.078,0.403
1987.0417,-1.123,1.428,0.305
1987.1250,-1.069,1.317,0.248
1987.2083,-0.988,1.373,0.385
1987.2917,-0.945,1.292,0.347
1987.3750,-0.942,1.183,0.241
1987.4583,-0.937,1.267,0.330
1987.5417,-1.125,1.410,0.285
1987.6250,-1.144,1.425,0.281
1987.7083,-1.712,2.041,0.329
1987.7917,-1.420,1.856,0.436
1987.8750,-1.331,1.621,0.290
1987.9583,-1.270,1.562,0.292
1988.0417,-1.221,1.686,0.465
1988.1250,-1.302,1.578,0.276
1988.2083,-0.789,1.151,0.362
1988.2917,-0.977,1.247,0.270
1988.3750,-0.841,1.141,0.300
1988.4583,-1.225,1.504,0.279
1988.5417,-1.146,1.512,0.366
1988.6250,-1.341,1.695,0.354
1988.7083,-1.735,2.019,0.284
1988.7917,-1.243,1.672,0.429
1988.8750,-1.624,1.825,0.201
1988.9583,-1.893,2.211,0.318
1989.0417,-2.580,2.933,0.353
1989.1250,-2.064,2.406,0.342
1989.2083,-1.439,1.864,0.425
1989.2917,-0.805,1.115,0.310
1989.3750,-1.304,1.555,0.251
1989.4583,-1.083,1.348,0.265
1989.5417,-1.220,1.476,0.256
1989.6250,-1.441,1.788,0.347
1989.7083,-1.734,2.022,0.288
1989.7917,-1.574,1.888,0.314
1989.8750,-1.213,1.575,0.362
1989.9583,-1.050,1.440,0.390
1990.0417,-2.219,2.646,0.427
1990.1250,-2.280,2.779,0.499
1990.2083,-2.115,2.541,0.426
1990.2917,-1.205,1.437,0.232
1990.3750,-1.022,1.275,0.253
1990.4583,-0.895,1.241,0.346
1990.5417,-1.213,1.512,0.299
1990.6250,-1.257,1.549,0.292
1990.7083,-1.473,1.731,0.258
1990.7917,-1.354,1.743,0.389
1990.8750,-1.052,1.411,0.359
1990.9583,-1.435,1.709,0.274
1991.0417,-1.557,2.089,0.532
1991.1250,-0.939,1.275,0.336
1991.2083,-0.866,1.191,0.325
1991.2917,-1.171,1.484,0.313
1991.3750,-1.392,1.607,0.215
1991.4583,-0.978,1.309,0.331
1991.5417,-1.109,1.484,0.375
1991.6250,-1.433,1.755,0.322
1991.7083,-1.631,1.880,0.249
1991.7917,-1.361,1.747,0.386
1991.8750,-1.625,2.009,0.384
1991.9583,-1.972,2.319,0.347
1992.0417,-1.824,2.202,0.378
1992.1250,-1.762,2.066,0.304
1992.2083,-1.329,1.644,0.315
1992.2917,-0.916,1.291,0.375
1992.3750,-1.201,1.494,0.293
1992.4583,-1.043,1.340,0.297
1992.5417,-1.262,1.505,0.243
1992.6250,-1.262,1.687,0.425
1992.7083,-1.438,1.829,0.391
1992.7917,-0.939,1.213,0.274
1992.8750,-1.793,2.165,0.372
1992.9583,-1.546,2.095,0.549
1993.0417,-2.812,3.362,0.550
1993.1250,-1.860,2.097,0.237
1993.2083,-1.567,1.937,0.370
1993.2917,-0.933,1.323,0.390
1993.3750,-0.783,1.058,0.275
1993.4583,-1.117,1.447,0.330
1993.5417,-1.237,1.560,0.323
1993.6250,-1.371,1.655,0.284
1993.7083,-1.044,1.347,0.303
1993.7917,-0.907,1.181,0.274
1993.8750,-1.263,1.675,0.412
1993.9583,-1.278,1.623,0.345
1994.0417,-1.609,2.005,0.396
1994.1250,-1.026,1.484,0.458
1994.2083,-1.834,2.206,0.372
1994.2917,-1.113,1.520,0.407
1994.3750,-0.980,1.293,0.313
1994.4583,-1.544,1.897,0.353
1994.5417,-1.212,1.516,0.304
1994.6250,-1.146,1.440,0.294
1994.7083,-1.184,1.460,0.276
1994.7917,-1.232,1.569,0.337
1994.8750,-1.457,1.916,0.459
1994.9583,-1.789,2.156,0.367
1995.0417,-1.425,1.932,0.507
1995.1250,-1.668,2.064,0.396
1995.2083,-1.361,1.764,0.403
1995.2917,-1.016,1.304,0.288
1995.3750,-0.995,1.311,0.316
1995.4583,-1.001,1.224,0.223
1995.5417,-1.192,1.551,0.359
1995.6250,-1.230,1.475,0.245
1995.7083,-1.113,1.372,0.259
1995.7917,-1.820,2.243,0.423
1995.8750,-1.046,1.402,0.356
1995.9583,-0.891,1.151,0.260
1996.0417,-0.944,1.453,0.509
1996.1250,-0.894,1.198,0.304
1996.2083,-0.853,1.148,0.295
1996.2917,-1.120,1.514,0.394
1996.3750,-0.901,1.133,0.232
1996.4583,-1.373,1.740,0.367
1996.5417,-1.319,1.575,0.256
1996.6250,-1.059,1.467,0.408
1996.7083,-1.367,1.526,0.159
1996.7917,-1.460,1.942,0.482
1996.8750,-1.351,1.618,0.267
1996.9583,-1.123,1.536,0.413
1997.0417,-1.174,1.476,0.302
1997.1250,-1.929,2.442,0.513
1997.2083,-1.565,1.944,0.379
1997.2917,-1.318,1.580,0.262
1997.3750,-0.766,1.110,0.344
1997.4583,-0.765,1.045,0.280
1997.5417,-0.940,1.274,0.334
1997.6250,-1.136,1.474,0.338
1997.7083,-1.583,1.848,0.265
1997.7917,-1.387,1.684,0.297
1997.8750,-1.196,1.652,0.456
1997.9583,-1.022,1.401,0.379
1998.0417,-1.268,1.760,0.492
1998.1250,-2.052,2.238,0.186
1998.2083,-1.161,1.558,0.397
1998.2917,-0.762,1.097,0.335
1998.3750,-0.781,1.081,0.300
1998.4583,-0.910,1.268,0.358
1998.5417,-1.069,1.373,0.304
1998.6250,-1.373,1.688,0.315
1998.7083,-1.098,1.430,0.332
1998.7917,-1.453,1.716,0.263
1998.8750,-1.363,1.816,0.453
1998.9583,-1.711,2.039,0.328
1999.0417,-1.536,2.082,0.546
1999.1250,-1.579,1.697,0.118
1999.2083,-1.099,1.490,0.391
1999.2917,-0.893,1.202,0.309
1999.3750,-0.945,1.314,0.369
1999.4583,-1.026,1.341,0.315
1999.5417,-1.211,1.523,0.312
1999.6250,-1.014,1.300,0.286
1999.7083,-1.367,1.693,0.326
1999.7917,-1.289,1.681,0.392
1999.8750,-1.693,2.030,0.337
1999.9583,-1.493,1.966,0.473
2000.0417,-1.820,2.121,0.301
2000.1250,-1.843,2.249,0.406
2000.2083,-1.361,1.639,0.278
2000.2917,-0.599,1.017,0.418
2000.3750,-0.964,1.186,0.222
2000.4583,-1.196,1.591,0.395
2000.5417,-0.952,1.176,0.224
2000.6250,-1.086,1.468,0.382
2000.7083,-1.203,1.531,0.328
2000.7917,-1.413,1.852,0.439
2000.8750,-1.236,1.791,0.555
2000.9583,-1.118,1.610,0.492
2001.0417,-0.893,1.357,0.464
2001.1250,-1.046,1.389,0.343
2001.2083,-0.704,1.057,0.353
2001.2917,-1.004,1.342,0.338
2001.3750,-1.003,1.252,0.249
2001.4583,-0.970,1.304,0.334
2001.5417,-1.060,1.403,0.343
2001.6250,-1.356,1.687,0.331
2001.7083,-1.193,1.439,0.246
2001.7917,-1.612,2.044,0.432
2001.8750,-1.692,1.962,0.270
2001.9583,-1.202,1.445,0.243
2002.0417,-1.552,2.009,0.457
2002.1250,-1.644,2.045,0.401
2002.2083,-1.244,1.635,0.391
2002.2917,-1.178,1.430,0.252
2002.3750,-0.899,1.336,0.437
2002.4583,-1.270,1.599,0.329
2002.5417,-1.177,1.541,0.364
2002.6250,-1.087,1.348,0.261
2002.7083,-1.348,1.624,0.276
2002.7917,-1.041,1.343,0.302
2002.8750,-1.313,1.794,0.481
2002.9583,-1.095,1.464,0.369
2003.0417,-1.463,1.738,0.275
2003.1250,-1.275,1.635,0.360
2003.2083,-1.166,1.433,0.267
2003.2917,-0.872,1.128,0.256
2003.3750,-0.991,1.392,0.401
2003.4583,-1.302,1.616,0.314
2003.5417,-1.081,1.434,0.353
2003.6250,-1.397,1.624,0.227
2003.7083,-1.566,1.822,0.256
2003.7917,-1.309,1.491,0.182
2003.8750,-1.437,1.917,0.480
2003.9583,-1.284,1.585,0.301
2004.0417,-1.332,1.619,0.287
2004.1250,-1.203,1.544,0.341
2004.2083,-1.049,1.385,0.336
2004.2917,-0.919,1.307,0.388
2004.3750,-1.122,1.364,0.242
2004.4583,-1.069,1.390,0.321
2004.5417,-1.246,1.560,0.314
2004.6250,-1.009,1.334,0.325
2004.7083,-1.728,2.050,0.322
2004.7917,-1.334,1.807,0.473
2004.8750,-1.403,1.632,0.229
2004.9583,-1.986,2.290,0.304
2005.0417,-2.129,2.518,0.389
2005.1250,-1.030,1.335,0.305
2005.2083,-0.814,1.137,0.323
2005.2917,-1.053,1.316,0.263
2005.3750,-0.969,1.275,0.306
2005.4583,-1.227,1.523,0.296
2005.5417,-1.169,1.455,0.286
2005.6250,-1.465,1.766,0.301
2005.7083,-1.706,1.997,0.291
2005.7917,-1.563,1.948,0.385
2005.8750,-1.676,2.018,0.342
2005.9583,-1.064,1.370,0.306
2006.0417,-1.528,1.956,0.428
2006.1250,-1.053,1.213,0.160
2006.2083,-0.817,1.154,0.337
2006.2917,-1.289,1.625,0.336
2006.3750,-0.896,1.271,0.375
2006.4583,-1.240,1.588,0.348
2006.5417,-1.244,1.519,0.275
2006.6250,-1.143,1.401,0.258
2006.7083,-1.405,1.758,0.353
2006.7917,-1.367,1.762,0.395
2006.8750,-2.085,2.567,0.482
2006.9583,-2.049,2.514,0.465
2007.0417,-1.474,1.696,0.222
2007.1250,-0.958,1.344,0.386
2007.2083,-1.039,1.360,0.321
2007.2917,-0.960,1.143,0.183
2007.3750,-1.007,1.239,0.232
2007.4583,-0.680,0.890,0.210
2007.5417,-0.809,1.060,0.251
2007.6250,-1.008,1.254,0.246
2007.7083,-1.206,1.400,0.194
2007.7917,-1.481,1.726,0.245
2007.8750,-0.996,1.119,0.123
2007.9583,-1.476,1.785,0.309
2008.0417,-1.322,1.668,0.346
2008.1250,-1.474,1.839,0.365
2008.2083,-0.816,1.037,0.221
2008.2917,-0.570,0.884,0.314
2008.3750,-0.817,1.047,0.230
2008.4583,-0.821,1.050,0.229
2008.5417,-0.906,1.173,0.267
2008.6250,-1.025,1.363,0.338
2008.7083,-1.153,1.402,0.249
2008.7917,-1.641,1.931,0.290
2008.8750,-1.093,1.250,0.157
2008.9583,-1.089,1.483,0.394
2009.0417,-1.567,1.915,0.348
2009.1250,-0.904,1.131,0.227
2009.2083,-1.007,1.239,0.233
2009.2917,-0.903,1.200,0.297
2009.3750,-1.089,1.378,0.289
2009.4583,-0.753,0.986,0.234
2009.5417,-0.928,1.125,0.197
2009.6250,-1.319,1.578,0.260
2009.7083,-1.638,1.853,0.215
2009.7917,-1.013,1.331,0.318
2009.8750,-1.432,1.786,0.354
2009.9583,-0.944,1.260,0.316
2010.0417,-0.690,0.994,0.305
2010.1250,-0.770,1.028,0.258
2010.2083,-0.875,1.119,0.243
2010.2917,-0.867,1.087,0.221
2010.3750,-0.742,0.994,0.253
2010.4583,-0.898,1.108,0.211
2010.5417,-1.116,1.430,0.314
2010.6250,-1.071,1.362,0.291
2010.7083,-1.103,1.408,0.305
2010.7917,-1.471,1.662,0.191
2010.8750,-0.912,1.317,0.406
2010.9583,-0.706,0.919,0.213
2011.0417,-1.087,1.407,0.320
2011.1250,-1.324,1.796,0.472
2011.2083,-1.229,1.433,0.204
2011.2917,-1.259,1.561,0.302
2011.3750,-1.173,1.454,0.281
2011.4583,-1.015,1.312,0.298
2011.5417,-0.837,1.091,0.254
2011.6250,-1.134,1.422,0.288
2011.7083,-1.588,1.969,0.381
2011.7917,-1.649,1.991,0.342
2011.8750,-1.604,1.895,0.291
2011.9583,-1.981,2.322,0.341
2012.0417,-1.444,1.897,0.453
2012.1250,-1.302,1.490,0.188
2012.2083,-1.417,1.638,0.221
2012.2917,-0.425,0.742,0.317
2012.3750,-0.698,0.917,0.219
2012.4583,-0.541,0.862,0.321
2012.5417,-0.727,1.045,0.318
2012.6250,-0.875,1.209,0.334
2012.7083,-1.514,1.763,0.249
2012.7917,-0.873,1.169,0.296
2012.8750,-1.193,1.590,0.397
2012.9583,-1.005,1.321,0.317
2013.0417,-1.206,1.566,0.360
2013.1250,-0.981,1.319,0.338
2013.2083,-0.626,0.839,0.212
2013.2917,-0.956,1.214,0.258
2013.3750,-0.754,1.042,0.288
2013.4583,-0.904,1.190,0.285
2013.5417,-1.146,1.413,0.267
2013.6250,-1.265,1.552,0.286
2013.7083,-1.348,1.664,0.317
2013.7917,-1.027,1.362,0.335
2013.8750,-1.639,1.894,0.255
2013.9583,-1.927,2.374,0.447
2014.0417,-1.844,2.446,0.602
2014.1250,-1.265,1.751,0.486
2014.2083,-1.286,1.618,0.332
2014.2917,-0.806,1.080,0.274
2014.3750,-0.581,0.926,0.345
2014.4583,-0.813,1.048,0.235
2014.5417,-0.880,1.134,0.254
2014.6250,-0.828,1.148,0.320
2014.7083,-1.061,1.289,0.228
2014.7917,-1.380,1.745,0.364
2014.8750,-1.071,1.494,0.424
2014.9583,-1.668,1.988,0.320
2015.0417,-1.871,2.211,0.340
2015.1250,-1.058,1.404,0.345
2015.2083,-1.192,1.505,0.313
2015.2917,-1.055,1.399,0.344
2015.3750,-1.027,1.337,0.310
2015.4583,-1.060,1.375,0.315
2015.5417,-0.890,1.177,0.287
2015.6250,-1.155,1.485,0.330
2015.7083,-1.014,1.289,0.275
2015.7917,-1.189,1.446,0.258
2015.8750,-1.836,2.056,0.220
2015.9583,-1.748,2.336,0.588
2016.0417,-0.767,1.159,0.392
2016.1250,-1.178,1.628,0.450
2016.2083,-0.849,1.085,0.236
2016.2917,-0.598,0.839,0.241
2016.3750,-0.629,0.902,0.273
2016.4583,-0.611,0.830,0.219
2016.5417,-1.075,1.442,0.368
2016.6250,-1.166,1.468,0.302
2016.7083,-1.510,1.792,0.281
2016.7917,-1.119,1.376,0.257
2016.8750,-0.951,1.228,0.277
2016.9583,-1.978,2.217,0.240
2017.0417,-1.362,1.709,0.347
2017.1250,-1.038,1.285,0.246
2017.2083,-1.081,1.447,0.365
2017.2917,-1.240,1.478,0.238
2017.3750,-0.680,0.937,0.257
2017.4583,-1.054,1.354,0.300
2017.5417,-1.045,1.337,0.292
2017.6250,-1.236,1.516,0.280
2017.7083,-1.083,1.426,0.343
2017.7917,-1.538,1.848,0.310
2017.8750,-1.508,1.756,0.248
2017.9583,-1.254,1.518,0.263
2018.0417,-1.183,1.645,0.462
2018.1250,-1.083,1.493,0.410
2018.2083,-0.624,0.865,0.241
2018.2917,-0.699,1.015,0.316
2018.3750,-1.064,1.373,0.309
2018.4583,-1.100,1.325,0.224
2018.5417,-0.924,1.179,0.254
2018.6250,-1.351,1.638,0.287
2018.7083,-1.792,2.019,0.227
2018.7917,-1.743,1.937,0.195
2018.8750,-1.139,1.513,0.374
2018.9583,-0.947,1.374,0.427
2019.0417,-1.260,1.439,0.179
2019.1250,-1.117,1.518,0.401
2019.2083,-1.262,1.581,0.319
2019.2917,-0.646,0.935,0.289
2019.3750,-0.788,0.979,0.192
2019.4583,-0.736,1.029,0.292
2019.5417,-1.032,1.315,0.283
2019.6250,-1.086,1.404,0.318
2019.7083,-1.356,1.597,0.241
2019.7917,-1.246,1.607,0.361
2019.8750,-0.645,0.929,0.284
2019.9583,-1.353,1.695,0.343
2020.0417,-2.126,2.398,0.272
2020.1250,-1.835,2.338,0.503
2020.2083,-1.194,1.584,0.390
2020.2917,-1.071,1.193,0.122
2020.3750,-0.956,1.282,0.326
2020.4583,-0.728,0.937,0.210
2020.5417,-1.094,1.454,0.359
2020.6250,-1.013,1.245,0.233
2020.7083,-1.540,1.772,0.232
2020.7917,-1.046,1.299,0.253
2020.8750,-1.634,2.037,0.402
2020.9583,-0.962,1.270,0.308
2021.0417,-0.734,1.076,0.342
2021.1250,-0.941,1.351,0.411
2021.2083,-1.337,1.568,0.231
2021.2917,-1.155,1.277,0.122
2021.3750,-0.517,0.871,0.354
2021.4583,-1.085,1.277,0.192
2021.5417,-0.910,1.163,0.253
2021.6250,-0.889,1.189,0.300
2021.7083,-1.282,1.497,0.215
2021.7917,-1.580,1.870,0.290
2021.8750,-1.580,1.770,0.190
2021.9583,-0.940,1.276,0.336
2022.0417,-1.751,1.985,0.234
2022.1250,-1.904,2.294,0.391
2022.2083,-0.973,1.275,0.303
2022.2917,-0.615,0.858,0.243
2022.3750,-1.079,1.318,0.239
2022.4583,-1.263,1.527,0.264
2022.5417,-1.273,1.514,0.241
2022.6250,-1.261,1.514,0.253
2022.7083,-0.982,1.130,0.148
2022.7917,-1.491,1.830,0.339
2022.8750,-1.379,1.873,0.495
2022.9583,-0.867,1.068,0.201
2023.0417,-1.307,1.619,0.312
2023.1250,-1.811,2.161,0.350
2023.2083,-0.628,0.893,0.265
2023.2917,-0.629,0.933,0.304
2023.3750,-0.898,1.099,0.201
2023.4583,-0.788,0.968,0.180
2023.5417,-0.999,1.308,0.309
2023.6250,-1.076,1.359,0.283
2023.7083,-1.377,1.646,0.269
2023.7917,-1.133,1.420,0.287
2023.8750,-0.873,1.180,0.307
2023.9583,-1.130,1.448,0.318
2024.0417,-1.181,1.540,0.359
2024.1250,-1.249,1.646,0.398
2024.2083,-0.891,1.252,0.362
2024.2917,-0.857,1.149,0.292
2024.3750,-0.640,0.940,0.300
2024.4583,-1.081,1.263,0.183
2024.5417,-0.926,1.251,0.325
2024.6250,-1.680,1.916,0.236
2024.7083,-1.106,1.388,0.282
2024.7917,-1.391,1.625,0.234
2024.8750,-1.265,1.618,0.354
2024.9583,-1.539,1.721,0.182
