Index:,31,,,,,
Station Description:,Fair Isle Current Water (Waters entering North Sea from Atlantic),,,,,
Region:,North Sea,,,,,
Latitude:,59 N,,,,,
Longitude:,2 W,,,,,
Measurement Depth/Range:,0-100 m,,,,,
"Area:,""LINESTRING(-2.233 59.283, -1.933 59.283)"",,,,,"
Spatial Coverage:,Data are collected from the first two standard stations on the JONSIS line,,,,,
Vertical Coverage:,Average over the depth range,,,,,
Temporal Coverage:,Sampling typically occurs 3 times a year  (April/May then  Sep/Oct and Dec) however periods with higher or lower temporal coverage exist.,,,,,
Seasonal Cycle:,Seasonal cycle of temperature is described for each depth level and removed.,,,,,
Reference:,The Scottish Ocean Climate Status Report. Hughes S.L. (ed.) Marine Scotland Report.,,,,,
Notes:,Mean T and S in first two stations on Jonsis Line,,,,,
Data Source:,MSS - Marine Scotland Science - Aberdeen - UK,,,,,
Contact Name (email):,Bee Berx (b.berx@marlab.ac.uk),,,,,
Location of source datasets:,MSS - Marine Scotland Science - Aberdeen - UK,,,,,
Data Protection:,Include on ICES website for free distribution.,,,,,
Long Term Averaging Period:,1991-2020,1991-2020,,,,
Long Term Mean:,10.148,34.870,,,,
Standard Deviation:,0.57,0.150,,,,
Averaging Method:,Annual data is extracted from filtered dataset using 2 year running mean,,,,,
Year,Temperature °C,Temperature Anomaly °C,Temperature Anomaly Normalised °C,Salinity,Salinity Anomaly,Salinity Anomaly Normalised 
      1960,   ,   ,   ,  ,  ,  
      1961,     9.69,    -0.46,    -0.80,   34.864,   -0.006,   -0.039
      1962,     9.56,    -0.59,    -1.04,   34.920,    0.050,    0.335
      1963,   ,   ,   ,  ,  ,  
      1964,   ,   ,   ,  ,  ,  
      1965,   ,   ,   ,  ,  ,  
      1966,   ,   ,   ,  ,  ,  
      1967,   ,   ,   ,  ,  ,  
      1968,     9.45,    -0.69,    -1.22,   34.813,   -0.057,   -0.383
      1969,     9.45,    -0.70,    -1.23,   34.861,   -0.009,   -0.059
      1970,     9.39,    -0.76,    -1.34,   34.937,    0.067,    0.443
      1971,     9.33,    -0.82,    -1.45,   34.923,    0.053,    0.352
      1972,     9.30,    -0.84,    -1.49,   34.922,    0.052,    0.349
      1973,     9.44,    -0.71,    -1.25,   34.938,    0.068,    0.452
      1974,     9.72,    -0.43,    -0.75,   34.901,    0.031,    0.205
      1975,     9.80,    -0.35,    -0.61,   34.933,    0.063,    0.420
      1976,    10.09,    -0.06,    -0.10,   34.939,    0.069,    0.462
      1977,     9.64,    -0.51,    -0.90,   34.791,   -0.079,   -0.529
      1978,     9.20,    -0.95,    -1.68,   34.770,   -0.100,   -0.669
      1979,     9.25,    -0.90,    -1.59,   34.838,   -0.032,   -0.215
      1980,     9.29,    -0.86,    -1.51,   34.858,   -0.012,   -0.081
      1981,     9.27,    -0.88,    -1.54,   34.811,   -0.059,   -0.394
      1982,     9.50,    -0.65,    -1.15,   34.883,    0.013,    0.085
      1983,     9.57,    -0.58,    -1.02,   34.942,    0.072,    0.481
      1984,     9.58,    -0.57,    -1.00,   34.929,    0.059,    0.396
      1985,     9.47,    -0.67,    -1.19,   34.894,    0.024,    0.162
      1986,     9.25,    -0.89,    -1.57,   34.838,   -0.032,   -0.212
      1987,     9.57,    -0.58,    -1.01,   34.823,   -0.047,   -0.314
      1988,     9.95,    -0.20,    -0.35,   34.828,   -0.042,   -0.277
      1989,     9.80,    -0.35,    -0.62,   34.844,   -0.026,   -0.172
      1990,     9.91,    -0.23,    -0.41,   34.895,    0.025,    0.168
      1991,    10.11,    -0.04,    -0.07,   35.004,    0.134,    0.890
      1992,     9.67,    -0.48,    -0.84,   34.964,    0.094,    0.629
      1993,     9.12,    -1.03,    -1.82,   34.889,    0.019,    0.125
      1994,     8.88,    -1.26,    -2.23,   34.871,    0.001,    0.007
      1995,     9.80,    -0.35,    -0.61,   34.897,    0.027,    0.182
      1996,     9.68,    -0.47,    -0.82,   34.949,    0.079,    0.523
      1997,     9.94,    -0.21,    -0.37,   34.984,    0.114,    0.762
      1998,    10.17,     0.02,     0.04,   34.969,    0.099,    0.658
      1999,    10.11,    -0.04,    -0.07,   34.900,    0.030,    0.202
      2000,    10.14,    -0.01,    -0.01,   34.778,   -0.092,   -0.614
      2001,    10.14,    -0.01,    -0.02,   34.751,   -0.119,   -0.792
      2002,    10.52,     0.37,     0.66,   34.864,   -0.006,   -0.043
      2003,    10.91,     0.76,     1.34,   34.972,    0.102,    0.678
      2004,    10.63,     0.49,     0.86,   34.992,    0.122,    0.810
      2005,    10.25,     0.10,     0.17,   34.943,    0.073,    0.484
      2006,    10.54,     0.39,     0.69,   34.857,   -0.013,   -0.085
      2007,    10.40,     0.25,     0.44,   34.834,   -0.036,   -0.242
      2008,    10.09,    -0.06,    -0.11,   34.909,    0.039,    0.262
      2009,    10.29,     0.14,     0.25,   34.895,    0.025,    0.166
      2010,    10.41,     0.26,     0.46,   34.822,   -0.048,   -0.322
      2011,    10.19,     0.04,     0.08,   34.953,    0.083,    0.553
      2012,     9.94,    -0.21,    -0.36,   34.989,    0.119,    0.793
      2013,    10.01,    -0.14,    -0.25,   34.805,   -0.065,   -0.432
      2014,    10.44,     0.29,     0.52,   34.792,   -0.078,   -0.520
      2015,    10.39,     0.24,     0.42,   34.834,   -0.036,   -0.238
      2016,    10.41,     0.26,     0.46,   34.815,   -0.055,   -0.368
      2017,    10.29,     0.14,     0.26,   34.778,   -0.092,   -0.616
      2018,    10.06,    -0.09,    -0.16,   34.760,   -0.111,   -0.737
      2019,    10.06,    -0.08,    -0.15,   34.713,   -0.157,   -1.044
      2020,     9.96,    -0.19,    -0.34,   34.660,   -0.210,   -1.402
      2021,    10.13,    -0.02,    -0.04,   34.712,   -0.158,   -1.051
      2022,    10.42,     0.27,     0.47,   34.796,   -0.074,   -0.495
      2023,    10.61,     0.46,     0.81,   34.821,   -0.049,   -0.327
