Index:,15,
Station Description:,Western Channel Observatory (WCO) - E1 - UK,
Region:,4b,
Latitude:,50.0333 N,
Longitude:,4.3667 W,
Measurement Depth/Range:,0-40 m,
Sampling Frequency:,,
Notes:,Data from CTD profiles. Different instruments used. Later period using SeaBird SBE19+,
Data Source:,Marine Biological Association and Plymouth Marine Laboratory - UK,
Contact Name (email):,Tim J. Smyth (tjsm@pml.ac.uk),
Location of source datasets:,PML,
Data Protection:,Include on ICES website for free distribution.,
Decimal Year,Temperature °C,Salinity
1903.099,9.35,35.34
1903.334,10.03,35.44
1903.353,10.67,35.45
1903.364,10.48,35.49
1903.652,13.69,35.35
1903.841,13.04,35.34
1904.057,8.99,35.25
1904.096,9.31,35.31
1904.322,9.64,35.35
1904.615,14.67,35.16
1904.915,14.03,35.29
1905.362,10.56,35.28
1905.611,14.02,35.39
1905.699,14.33,35.35
1905.849,12.99,35.38
1906.126,8.82,35.25
1906.362,9.41,35.29
1906.614,14.50,35.24
1906.847,13.23,35.30
1907.134,8.20,35.34
1907.378,10.12,35.38
1907.638,13.94,35.28
1907.838,13.45,35.21
1908.139,9.30,35.32
1908.363,9.75,35.10
1908.590,14.83,35.25
1908.880,13.06,35.25
1909.137,9.00,35.33
1909.381,10.66,35.28
1909.589,13.64,35.20
1909.838,13.19,35.21
1921.318,9.93,
1921.400,12.04,35.11
1921.501,13.98,35.19
1921.614,14.94,35.20
1921.622,14.49,35.14
1921.625,14.74,35.20
1921.707,15.09,35.14
1921.797,15.47,35.14
1921.858,14.84,35.27
1921.948,13.10,35.34
1922.030,11.29,35.41
1922.101,10.31,35.36
1922.203,9.62,35.33
1922.389,11.46,35.29
1922.430,11.97,35.30
1922.526,12.22,35.26
1922.589,13.60,35.37
1922.726,14.32,35.33
1922.781,14.07,35.30
1922.858,12.12,35.27
1923.044,9.92,35.29
1923.195,9.25,35.24
1923.312,9.98,35.21
1923.389,10.70,35.31
1923.466,12.02,35.23
1923.523,14.08,35.22
1923.548,14.02,35.19
1923.622,14.18,35.15
1923.701,13.93,35.19
1923.789,13.32,35.14
1923.852,12.27,35.19
1923.942,10.30,35.14
1924.005,9.50,35.25
1924.126,8.62,35.18
1924.270,8.14,34.99
1924.385,10.44,35.27
1924.462,12.06,35.14
1924.522,13.61,35.08
1924.601,13.58,35.15
1924.675,13.66,35.06
1924.751,13.15,35.08
1924.866,12.71,35.14
1924.940,11.82,35.15
1925.052,10.79,35.09
1925.132,9.96,35.13
1925.200,9.22,35.11
1925.307,9.57,35.04
1925.364,10.26,35.02
1925.422,11.49,35.12
1925.518,13.69,34.99
1925.595,14.15,35.18
1925.666,14.93,35.09
1925.751,14.02,35.05
1925.863,12.57,35.15
1925.945,10.93,35.19
1925.956,10.54,35.14
1926.093,9.42,35.15
1926.192,9.40,35.19
1926.274,9.86,35.23
1926.375,10.69,35.14
1926.479,12.93,35.03
1926.518,14.19,35.06
1926.625,15.24,34.99
1926.726,15.65,35.12
1926.800,14.49,35.19
1926.899,12.23,35.27
1926.951,11.70,35.17
1927.000,10.34,35.11
1927.126,9.39,35.34
1927.222,9.10,35.18
1927.301,9.97,35.12
1927.392,11.19,35.16
1927.488,12.89,35.21
1927.586,14.69,35.22
1927.685,15.29,35.16
1927.756,13.82,35.16
1927.844,13.61,35.14
1927.940,11.99,35.23
1928.085,9.02,35.17
1928.142,9.57,35.18
1928.167,9.47,
1928.238,9.61,35.12
1928.301,10.06,34.99
1928.336,10.82,34.98
1928.350,11.15,
1928.352,12.40,34.95
1928.426,11.89,
1928.451,12.57,34.89
1928.508,13.09,34.93
1928.527,13.58,
1928.560,14.98,34.93
1928.607,15.27,
1928.626,14.95,34.91
1928.661,14.46,34.91
1928.716,15.30,35.09
1928.754,14.78,35.02
1928.915,12.17,35.32
1929.005,10.69,35.35
1929.019,10.13,35.40
1929.173,8.48,35.39
1929.233,8.85,35.38
1929.277,8.80,35.35
1929.444,12.61,35.22
1929.556,15.04,35.12
1929.625,14.65,35.05
1929.677,15.89,35.07
1929.775,14.13,35.17
1930.101,9.45,35.24
1930.211,8.33,35.24
1930.288,9.07,35.20
1930.329,10.43,35.12
1930.384,10.59,35.10
1930.447,13.09,35.10
1930.542,13.77,35.15
1930.614,13.78,35.04
1930.693,15.07,35.17
1930.773,14.26,35.20
1930.863,12.94,35.09
1930.926,11.99,35.07
1931.036,10.15,35.10
1931.096,9.60,35.29
1931.137,9.01,35.20
1931.225,8.94,35.25
1931.266,9.25,35.12
1931.307,9.41,35.21
1931.378,10.73,35.12
1931.523,14.05,34.95
1931.652,14.63,35.03
1931.688,14.85,34.98
1931.734,14.93,35.04
1931.803,14.66,35.15
1931.915,12.66,35.16
1932.000,11.23,35.27
1932.077,10.65,35.19
1932.224,8.37,35.22
1932.309,8.93,35.24
1932.358,10.01,35.19
1932.456,12.80,35.15
1932.533,14.90,35.08
1932.626,15.11,35.07
1932.699,15.19,35.02
1932.760,14.12,35.18
1932.874,12.53,35.22
1932.970,11.08,35.28
1933.030,9.99,35.00
1933.123,9.32,35.22
1933.258,9.56,35.11
1933.359,10.80,35.08
1933.608,16.29,35.09
1933.718,15.70,35.14
1933.811,14.85,35.13
1933.868,13.43,35.23
1933.956,10.04,35.18
1934.060,9.25,35.22
1934.118,8.39,35.18
1934.216,8.58,35.33
1934.332,9.58,35.39
1934.521,14.37,35.16
1934.622,14.51,35.16
1934.723,15.06,35.20
1934.797,13.35,35.22
1934.871,12.25,35.28
1934.970,11.92,35.27
1935.041,10.82,35.16
1935.156,9.75,35.43
1935.222,8.57,35.14
1935.334,10.31,35.21
1935.507,13.88,35.22
1935.603,16.53,35.30
1935.701,15.23,35.22
1935.792,13.63,35.21
1935.890,11.88,35.23
1935.951,10.55,35.19
1936.063,9.32,35.21
1936.191,9.28,34.93
1936.325,9.77,34.60
1936.363,11.31,34.48
1936.464,12.98,34.52
1936.617,15.18,34.79
1936.716,15.62,35.00
1936.749,15.26,34.99
1937.038,10.27,35.17
1937.134,9.63,35.05
1937.381,11.25,35.23
1937.460,14.44,35.21
1937.570,14.68,35.08
1937.647,16.10,35.07
1937.723,15.16,35.08
1937.786,14.74,35.17
1937.937,12.17,35.18
1938.066,9.94,35.19
1938.145,8.70,35.22
1938.241,9.37,35.23
1938.266,9.92,35.38
1938.285,9.51,35.29
1938.296,9.56,35.31
1938.364,10.46,35.22
1938.436,11.54,35.22
1938.562,14.50,35.24
1938.614,15.83,35.23
1938.721,14.77,35.29
1938.912,12.41,35.33
1939.027,10.93,35.26
1939.101,9.45,35.42
1939.197,9.20,35.24
1939.299,9.16,35.23
1939.359,10.00,35.26
1939.510,15.03,35.11
1939.619,15.21,35.13
1946.849,13.68,35.26
1946.932,12.16,35.27
1947.016,10.08,35.09
1947.159,7.42,35.29
1947.438,11.72,35.14
1947.611,14.98,34.99
1947.715,15.04,35.03
1947.868,13.81,35.20
1947.942,12.58,35.33
1948.117,9.98,35.27
1948.194,8.83,35.35
1948.281,9.41,35.34
1948.363,11.28,35.45
1948.437,11.92,35.37
1948.500,12.88,35.34
1948.577,15.37,35.33
1948.667,15.52,35.32
1948.760,14.62,35.36
1948.822,14.07,35.35
1948.915,13.12,35.40
1949.014,11.13,35.37
1949.088,10.23,35.28
1949.164,10.05,35.35
1949.282,10.88,35.28
1949.353,11.05,35.28
1949.438,12.41,35.32
1949.512,14.10,35.36
1949.529,14.92,35.43
1949.603,14.69,35.36
1949.688,16.20,35.34
1949.764,15.92,35.27
1949.855,14.07,35.21
1949.975,11.28,35.17
1950.049,10.86,35.19
1950.145,9.28,35.15
1950.227,10.21,35.30
1950.337,10.48,35.15
1950.392,11.28,35.16
1950.447,13.14,35.26
1950.548,13.77,35.32
1950.644,14.72,35.34
1950.721,14.53,35.31
1950.811,13.97,35.35
1950.893,12.29,35.28
1950.964,10.74,35.34
1951.066,9.30,35.23
1951.156,8.58,35.19
1951.238,8.83,35.29
1951.312,9.16,35.25
1951.375,9.96,35.23
1951.447,11.76,35.14
1951.542,13.75,35.19
1951.641,13.73,35.18
1951.740,14.32,35.05
1951.814,13.68,35.22
1951.907,12.53,35.20
1952.019,10.85,35.29
1952.098,9.35,35.35
1952.194,9.01,35.17
1952.210,9.48,35.25
1952.292,9.55,35.31
1952.372,11.14,35.17
1952.467,12.86,35.12
1952.538,14.74,35.15
1952.637,14.55,35.05
1952.727,14.51,35.10
1952.806,13.53,35.22
1952.888,12.30,35.14
1952.975,10.48,35.17
1953.058,9.38,35.25
1953.148,8.34,35.28
1953.205,8.38,35.37
1953.230,8.43,35.35
1953.282,8.64,35.29
1953.321,9.10,35.18
1953.359,10.05,35.17
1953.436,11.57,35.15
1953.474,12.18,35.11
1953.551,13.60,35.08
1953.608,14.99,35.09
1953.688,14.70,35.16
1953.762,14.11,35.21
1953.803,14.56,35.21
1953.879,12.90,35.22
1953.953,12.65,35.27
1954.052,10.66,35.32
1954.129,9.05,35.36
1954.195,9.15,35.36
1954.203,8.99,35.35
1954.241,8.95,35.30
1954.279,9.42,35.31
1954.356,10.33,35.30
1954.381,11.49,35.32
1954.474,12.81,35.18
1954.548,12.57,35.27
1954.611,13.50,35.26
1954.704,14.37,35.29
1954.778,13.84,35.28
1954.863,13.15,35.21
1954.973,10.83,34.99
1955.049,9.89,35.24
1955.129,9.58,35.22
1955.203,7.63,35.28
1955.279,8.19,35.15
1955.321,8.65,35.17
1955.353,9.81,35.14
1955.449,12.14,34.95
1955.532,15.58,34.94
1955.611,15.31,34.91
1955.707,14.81,34.96
1955.797,14.12,35.18
1955.879,13.09,35.04
1955.973,12.03,35.12
1956.046,10.83,35.27
1956.142,8.86,35.32
1956.235,8.65,35.41
1956.279,9.16,35.43
1956.292,9.13,35.42
1956.314,9.66,35.43
1956.391,11.54,35.41
1956.484,13.26,35.41
1956.560,14.47,35.42
1956.642,14.71,35.37
1956.735,14.72,35.29
1956.811,14.09,35.31
1956.869,13.01,35.34
1956.943,11.92,35.37
1957.066,10.13,35.33
1957.126,9.93,35.33
1957.175,10.12,35.35
1957.233,10.31,35.17
1957.277,10.44,35.18
1957.312,10.77,35.19
1957.353,11.10,35.19
1957.408,11.96,35.30
1957.444,13.00,35.24
1957.540,14.45,35.18
1957.638,15.24,35.14
1957.712,14.38,35.17
1957.789,14.66,35.16
1957.849,13.23,35.20
1957.923,12.13,35.21
1958.058,9.96,35.24
1958.134,9.34,35.09
1958.214,8.95,35.26
1958.307,9.45,35.32
1958.384,10.45,35.27
1958.441,12.20,35.28
1958.521,14.73,35.22
1958.652,14.62,35.09
1958.751,15.01,35.18
1958.808,14.34,35.19
1958.882,13.57,35.24
1958.940,13.02,
1958.948,12.46,35.32
1959.036,10.53,35.08
1959.112,9.36,35.10
1959.195,10.00,35.25
1959.301,10.45,35.28
1959.362,11.55,35.22
1959.441,12.54,35.16
1959.479,14.49,35.19
1959.611,16.60,35.06
1959.688,15.92,35.13
1959.784,16.04,35.18
1959.863,14.03,35.20
1959.918,12.42,35.25
1960.011,11.11,35.27
1960.109,9.37,35.22
1960.194,9.54,35.40
1960.260,9.63,35.35
1960.342,11.20,35.20
1960.519,14.81,34.83
1960.607,16.25,34.94
1960.702,15.41,35.03
1960.779,14.79,35.15
1960.855,13.78,35.16
1960.967,11.24,35.33
1961.027,10.06,35.28
1961.142,10.10,35.33
1961.186,10.29,35.32
1961.277,10.95,35.27
1961.430,13.08,35.11
1961.548,14.77,35.10
1961.649,14.99,35.04
1961.699,15.50,35.12
1961.833,14.14,35.23
1962.123,9.19,35.18
1962.197,8.30,35.22
1962.277,8.05,35.27
1962.353,9.65,35.31
1962.449,11.99,35.27
1962.510,13.18,35.22
1962.644,15.03,35.16
1962.742,14.25,35.23
1962.773,14.33,35.30
1962.874,13.04,35.37
1962.951,11.30,35.46
1962.964,11.09,35.41
1963.066,7.16,35.30
1963.118,6.84,35.42
1963.236,7.49,35.40
1963.315,8.71,35.38
1963.405,10.18,35.25
1963.485,12.00,35.21
1963.578,14.34,35.14
1963.682,13.55,35.14
1963.770,13.15,35.28
1963.904,12.46,35.33
1963.942,11.75,35.35
1964.041,9.70,35.33
1964.161,9.65,35.43
1964.194,8.59,35.42
1964.292,9.33,35.34
1964.363,10.68,35.26
1964.423,12.49,35.16
1964.522,14.08,35.16
1964.743,15.04,35.20
1964.883,13.01,35.26
1964.943,12.09,35.32
1965.052,10.12,35.46
1965.107,9.08,35.47
1965.205,8.03,35.46
1965.301,9.04,35.40
1965.419,11.79,35.41
1965.496,12.79,35.38
1965.652,13.58,35.36
1965.816,13.83,35.45
1965.940,11.31,35.47
1966.058,9.61,35.38
1966.219,10.16,35.08
1966.318,10.58,34.90
1966.433,12.50,34.97
1966.666,15.24,35.16
1966.803,14.96,35.22
1966.932,11.73,35.38
1967.068,9.82,35.32
1967.082,9.84,35.28
1967.178,9.65,35.30
1967.238,9.73,35.31
1967.277,9.62,35.33
1967.411,11.31,35.19
1967.545,13.33,35.17
1967.811,13.44,35.17
1967.893,11.82,35.21
1967.951,10.76,35.13
1968.126,9.02,35.19
1968.221,8.19,35.24
1968.309,9.46,35.27
1968.396,10.88,35.25
1968.500,12.68,35.02
1968.735,14.24,35.02
1968.776,13.75,35.07
1968.790,13.75,35.07
1968.883,13.02,35.20
1968.948,12.49,35.25
1969.063,10.61,35.10
1969.211,9.37,35.08
1969.304,9.76,35.13
1969.482,13.76,35.04
1969.521,13.45,35.06
1969.732,14.73,35.26
1969.805,15.12,35.16
1969.940,11.97,35.21
1970.003,10.73,35.32
1970.134,9.58,35.36
1970.170,8.79,35.17
1970.227,8.67,35.21
1970.268,8.56,35.33
1970.323,9.17,35.27
1970.348,10.10,35.32
1970.403,11.34,35.26
1970.419,12.22,35.29
1970.458,12.88,35.23
1970.512,12.52,35.26
1970.534,12.27,35.28
1970.611,14.32,35.24
1970.742,14.07,35.31
1970.803,13.30,35.34
1970.844,13.24,35.37
1970.899,12.34,35.34
1970.937,12.11,35.41
1970.973,11.58,35.35
1971.151,8.96,35.22
1971.164,9.07,35.28
1971.241,9.16,35.28
1971.266,9.16,35.28
1971.321,9.38,35.26
1971.397,11.51,35.37
1971.496,13.16,35.22
1971.512,14.36,35.22
1971.649,15.51,35.18
1971.742,15.17,35.20
1971.855,14.13,35.24
1971.934,12.48,35.30
1972.123,9.84,35.35
1972.131,9.75,35.35
1972.205,9.19,35.35
1972.243,9.39,35.36
1972.317,9.66,35.27
1972.415,10.70,35.26
1972.503,12.34,35.20
1972.642,14.48,35.11
1972.738,13.94,35.20
1972.852,13.77,35.19
1972.964,11.26,35.22
1973.066,10.02,35.27
1973.126,9.45,35.24
1973.178,9.08,35.23
1973.255,9.13,35.24
1973.351,9.96,35.46
1973.471,13.27,35.39
1973.501,14.38,35.30
1973.586,14.46,35.29
1973.644,15.24,35.33
1973.734,15.07,35.31
1973.830,13.58,35.35
1973.926,12.22,35.40
1974.079,10.42,35.33
1974.175,9.47,35.23
1974.271,9.70,35.29
1974.348,10.28,35.29
1974.463,12.91,35.29
1974.504,13.33,35.25
1974.614,15.43,35.17
1974.751,13.56,35.19
1974.827,12.60,35.19
1974.882,11.83,35.17
1975.025,10.37,35.18
1975.159,9.88,35.27
1975.197,9.89,35.28
1975.230,9.53,
1975.274,9.14,35.33
1975.310,9.69,
1975.326,10.20,35.25
1975.364,10.68,35.25
1975.384,11.02,35.24
1975.419,11.09,35.23
1975.458,12.74,35.27
1975.575,15.09,35.13
1975.616,15.63,35.14
1975.638,15.26,35.07
1975.729,14.55,35.20
1975.795,13.72,35.19
1975.868,13.12,35.29
1975.942,11.97,35.21
1976.038,10.74,35.31
1976.071,10.74,35.30
1976.109,9.50,35.27
1976.148,9.37,35.32
1976.169,9.39,35.32
1976.230,9.28,35.29
1976.284,9.66,35.29
1976.347,10.36,35.30
1976.361,10.65,35.27
1976.443,11.84,
1976.445,13.04,35.33
1976.516,14.56,35.16
1976.555,13.46,35.34
1976.615,17.23,35.41
1976.710,14.12,35.45
1976.740,14.13,35.28
1976.874,12.38,35.27
1976.954,11.03,35.38
1977.030,9.79,35.26
1977.110,8.99,35.20
1977.148,9.34,35.32
1977.225,9.23,35.25
1977.263,9.40,35.27
1977.299,9.69,35.28
1977.411,11.17,35.13
1977.488,12.66,34.97
1977.548,14.42,34.91
1977.644,14.24,34.93
1977.762,14.06,34.80
1977.841,12.95,35.24
1977.918,11.93,35.21
1978.049,10.10,35.29
1978.159,8.81,35.22
1978.315,9.21,35.14
1978.359,10.04,35.12
1978.548,13.63,35.11
1978.641,15.44,35.05
1978.762,13.95,35.08
1978.896,13.46,35.19
1978.967,11.60,35.26
1979.162,8.34,35.25
1979.258,8.92,35.33
1979.312,9.43,35.19
1979.433,10.94,35.13
1979.562,14.09,35.12
1979.734,13.95,35.26
1979.814,14.29,35.28
1979.874,13.10,35.23
1980.025,10.34,35.25
1980.120,9.64,35.24
1980.199,9.12,35.12
1980.230,9.33,35.32
1980.333,10.19,35.29
1980.388,11.06,35.17
1980.525,13.83,35.07
1980.678,15.91,35.10
1980.730,14.89,34.93
1980.904,12.33,35.19
1981.077,9.70,35.25
1981.153,8.92,35.25
1981.285,9.70,35.13
1981.422,11.51,35.16
1981.493,13.10,35.08
1981.614,14.78,34.92
1981.742,15.46,34.98
1981.923,11.95,35.02
1982.159,9.66,35.15
1982.252,9.89,35.16
1982.362,10.75,34.97
1982.378,12.03,
1982.460,13.32,34.91
1982.573,14.80,34.84
1982.649,14.29,34.91
1982.770,13.71,35.00
1983.052,9.75,35.02
1983.203,8.83,35.20
1983.323,9.49,35.19
1983.378,10.47,35.09
1983.493,13.41,35.10
1983.553,15.70,35.01
1983.932,12.20,35.12
1984.175,8.58,35.22
1984.295,9.00,35.30
1984.377,10.15,35.19
1984.473,13.54,35.08
1984.544,13.66,35.15
1984.645,16.30,35.16
1984.776,13.67,35.12
1984.945,11.67,35.23
1985.137,8.53,35.14
1985.197,9.59,35.13
1985.293,9.70,35.01
1985.389,11.36,35.06
1985.466,12.97,35.05
1985.660,14.26,35.04
1985.732,15.07,35.18
1985.811,14.45,35.28
1985.904,12.40,35.19
2002.373,12.20,35.42
2002.485,13.56,35.32
2002.542,14.46,35.29
2002.619,14.17,35.29
2002.753,15.63,35.28
2002.833,14.23,35.30
2002.951,11.82,35.29
2003.066,10.47,35.30
2003.121,9.42,35.21
2003.219,9.69,35.35
2003.310,10.28,35.29
2003.367,11.40,35.17
2003.425,12.48,35.10
2003.444,13.05,35.06
2003.463,13.48,35.07
2003.482,14.18,35.06
2003.501,14.25,35.02
2003.521,13.98,35.03
2003.597,14.68,34.98
2003.690,15.30,35.03
2004.590,15.37,35.23
2004.653,15.51,35.18
2004.839,13.65,35.12
2004.937,12.60,35.33
2005.090,10.32,35.33
2005.184,9.04,35.48
2005.244,9.32,35.45
2005.359,11.16,35.41
2005.436,12.24,35.32
2005.471,13.47,35.23
2005.532,13.42,35.04
2005.608,13.96,35.30
2005.666,14.78,35.28
2005.704,15.60,35.32
2005.742,14.78,35.33
2005.882,13.34,35.31
2006.049,10.52,35.34
2006.107,9.56,35.38
2006.164,7.65,35.19
2006.203,7.76,35.21
2006.775,14.50,35.32
2006.836,14.25,35.30
2007.101,11.09,35.44
2007.197,10.75,35.31
2007.332,11.55,35.19
2007.427,13.65,35.26
2007.504,13.84,35.23
2007.581,14.81,35.30
2007.696,16.23,35.37
2007.836,15.00,35.41
2008.290,9.98,35.26
2008.328,10.34,35.29
2008.366,11.30,35.39
2008.385,11.44,35.37
2008.423,12.39,35.26
2008.462,15.04,35.16
2008.538,14.19,35.07
2008.642,14.21,35.22
2008.710,14.47,35.18
2008.770,14.06,35.24
2008.809,14.08,35.23
2008.844,13.24,35.23
2008.945,11.62,35.26
2009.019,10.27,35.32
2009.074,9.79,35.30
2009.115,9.20,35.30
2009.156,9.25,35.29
2009.192,9.28,35.34
2009.249,9.67,35.33
2009.288,10.03,35.31
2009.405,11.82,35.25
2009.438,12.52,35.27
2009.477,13.44,35.29
2009.559,14.05,35.21
2009.723,15.33,35.27
2009.748,15.71,35.32
2009.784,15.46,35.27
2009.959,11.43,35.12
2010.074,9.37,35.27
2010.208,8.37,35.29
2010.323,9.74,35.23
2010.460,12.19,35.22
2010.490,13.10,35.15
2010.551,13.17,35.15
2010.627,14.36,35.21
2010.668,15.34,35.23
2010.723,15.27,35.29
2010.786,14.06,35.32
2010.874,13.30,35.29
2010.953,11.11,35.35
2011.049,9.51,35.23
2011.184,9.03,35.36
2011.219,9.30,35.39
2011.266,10.06,35.31
2011.299,10.51,35.42
2011.375,11.78,35.34
2011.419,12.30,35.33
2011.490,13.39,35.29
2011.534,14.45,35.30
2011.605,14.64,35.27
2011.644,15.67,35.30
2011.726,14.52,35.31
2011.825,14.05,35.38
2011.852,13.98,35.40
2011.893,13.89,35.41
2012.036,11.23,35.32
2012.063,10.91,35.34
2012.161,9.94,35.41
2012.202,10.02,35.42
2012.322,10.63,35.42
2012.374,10.98,35.34
2012.448,12.90,35.28
2012.486,13.20,35.30
2012.525,13.87,35.28
2012.563,14.57,35.25
2012.604,14.75,35.25
2012.645,15.44,35.23
2012.678,15.67,35.18
2012.719,15.39,35.23
2012.773,14.68,35.23
2012.811,14.40,35.24
2012.850,13.56,35.24
2012.913,12.60,35.20
2012.945,11.81,35.17
2013.063,10.43,35.26
2013.118,9.70,35.20
2013.159,9.23,35.33
2013.216,9.03,35.40
2013.310,9.03,35.35
2013.332,9.59,35.41
2013.373,10.21,35.31
2013.425,11.31,35.34
2013.463,12.81,35.30
2013.501,12.96,35.23
2013.540,14.52,35.25
2013.600,15.74,35.21
2013.636,14.43,35.16
2013.674,15.27,35.20
2013.732,14.31,35.27
2013.789,14.32,35.26
2013.866,13.66,35.31
2013.904,12.81,35.31
2014.082,10.53,35.35
2014.137,9.62,35.29
2014.195,9.73,35.33
2014.274,10.29,35.31
2014.312,10.70,35.31
2014.367,11.33,35.24
2014.427,12.85,35.21
2014.460,14.04,35.23
2014.501,14.67,35.15
2014.556,15.38,35.14
2014.633,13.99,35.14
2014.671,15.10,35.15
2014.710,15.68,35.25
2014.748,16.16,35.26
2014.786,15.27,35.23
2014.882,13.66,35.32
2014.918,13.35,35.34
2015.060,11.04,35.40
2015.112,9.92,35.44
2015.189,9.65,35.42
2015.230,9.62,35.43
2015.329,10.42,35.39
2015.386,11.48,35.35
2015.425,12.14,35.33
2015.458,12.96,35.33
2015.499,13.89,35.32
2015.537,13.87,35.32
2015.578,13.81,35.30
2015.611,15.26,35.30
2015.674,15.57,35.24
2015.715,15.14,35.29
2015.803,14.46,35.33
2015.904,13.40,35.30
2016.016,12.03,35.27
2016.055,11.11,35.28
2016.134,10.61,35.28
2016.186,9.87,35.23
2016.224,9.56,35.16
2016.262,9.87,35.23
2016.301,10.15,35.27
2016.342,10.47,35.25
2016.377,11.41,35.39
2016.421,12.31,35.34
2016.473,12.77,35.30
2016.514,13.13,35.28
2016.549,14.56,35.26
2016.607,14.30,35.27
2016.645,15.39,35.28
2016.683,15.19,35.25
2016.721,15.48,35.30
2016.779,15.27,35.33
2016.817,15.02,35.31
2016.896,13.43,35.35
2016.932,12.77,35.36
2017.011,11.90,35.34
2017.047,11.36,35.35
2017.129,10.28,35.39
2017.203,10.19,35.27
2017.263,10.41,35.24
2017.299,10.91,35.32
2017.337,11.27,35.40
2017.416,13.00,35.42
2017.488,14.78,35.33
2017.548,15.36,35.33
2017.603,14.70,35.31
2017.641,14.93,35.31
2017.718,15.02,35.33
2017.756,14.88,35.33
2017.819,14.50,35.33
2017.841,14.58,35.33
2017.871,14.10,35.34
2017.912,13.23,35.34
2017.967,11.95,35.38
2018.027,11.08,35.38
2018.090,10.08,35.28
2018.178, 9.00,35.34
2018.271, 9.45,35.31
2018.312,10.31,35.29
2018.392,11.73,35.26
2018.427,13.16,35.21
2018.466,12.72,35.16
2018.504,14.95,35.08
2018.562,15.42,34.98
2018.600,15.56,35.04
2018.638,14.66,35.03
2018.677,15.56,35.09
2018.734,14.74,35.07
2018.773,14.39,35.19
2018.811,14.67,35.19
2018.926,12.72,35.12
2019.025,11.52,35.18
2019.079,10.79,35.20
2019.118,10.21,35.20
2019.214,10.16,35.10
2019.252,10.42,35.10
2019.293,10.37,35.10
2019.334,11.00,35.09
2019.386,11.69,35.24
2019.425,12.79,35.20
2019.463,13.14,35.22
2019.501,14.05,35.32
2019.542,15.32,35.34
2019.616,15.25,35.26
2019.658,16.25,35.34
2019.693,15.46,35.33
2019.849,13.98,35.25
2019.926,12.42,35.23
2019.962,11.68,35.15
2020.057,10.66,35.12
2020.216, 9.76,35.11
2020.312,10.68,35.11
2020.366,11.32,35.16
2020.421,13.45,35.11
2020.459,13.13,35.09
2020.533,14.37,35.16
2020.590,15.63,35.11
2020.631,16.71,35.08
2020.672,16.10,35.11
2020.708,16.23,35.17
2020.746,15.82,35.17
2020.790,14.73,35.18
2020.844,13.44,35.23
2020.902,12.87,35.21
2020.937,12.21,35.21
2021.016,10.76,35.29
2021.145, 9.18,34.95
2021.186, 9.59,35.25
2021.222, 9.73,35.26
2021.266, 9.93,35.25
2021.304,10.61,35.19
2021.400,11.11,35.07
2021.436,12.29,34.97
2021.474,13.14,35.02
2021.518,13.93,34.94
2021.553,15.33,34.85
2021.589,14.61,34.93
2021.627,14.85,34.95
2021.671,15.70,35.00
2021.704,15.84,35.15
2021.781,15.14,35.09
2022.036,11.25,35.10
2022.071,10.98,35.19
2022.107,10.78,35.19
2022.279,10.60,35.21
2022.318,11.09,35.25
2022.362,12.12,35.26
2022.433,13.72,35.18
2022.496,14.04,35.20
2022.529,15.75,35.22
2022.570,14.88,35.18
2022.605,16.32,35.23
2022.704,16.75,35.17
2022.784,15.22,35.19
2022.912,12.92,35.21
2022.948,12.20,35.19
2023.052,11.17,35.23
2023.085,10.50,35.17
2023.167,10.43,35.37
2023.236,10.44,35.33
2023.293,10.62,35.08
2023.351,11.56,35.21
2023.397,12.88,35.31
2023.452,14.10,35.15
2023.488,14.88,35.13
2023.545,14.00,35.17
2023.605,14.61,35.20
2023.644,16.43,35.19
2023.685,16.39,35.25
2023.753,16.02,35.21
2023.816,15.03,35.27
2023.893,13.44,35.27
2024.041,11.18,35.27
2024.194,10.98,35.32
2024.298,11.25,34.99
2024.350,11.92,35.03
2024.393,13.31,35.21
2024.426,13.86,35.19
2024.464,13.49,35.17
2024.503,14.51,35.16
2024.544,15.36,35.14
2024.585,16.54,35.13
2024.833,15.00,35.17
2024.959,12.70,35.26
