Station Number,Station Name,Degrees Latitude,Minutes Latitude,Hemisphere Latitude,Degrees Longitude,Minutes Longitude,Hemisphere Longitude,Decimal Degrees Latitude,Decimal Degrees Longitude,Depth,Distance,Priority,Full Sampling Codes,Reduced Sampling Codes
1,JO-01,59,17.00,N,2,14.00,W,59.2833,-2.2333,75,0.00,1,"S, N, T,O/OCal, CH, DS","S, N,O/OCal,CH, DS"
2,JO-01A,59,17.00,N,2,5.00,W,59.2833,-2.0833,90,4.60,2,"N,CH",CH
3,JO-02,59,17.00,N,1,56.00,W,59.2833,-1.9333,100,4.60,2,"S, N,CH","S, CH"
4,JO-03,59,17.00,N,1,48.00,W,59.2833,-1.8000,80,4.09,1,"N, T,O,CH, DS","N, O,CH, DS"
5,JO-04,59,17.00,N,1,40.00,W,59.2833,-1.6667,90,4.09,2,"S, N,CH","S, CH"
6,JO-05,59,17.00,N,1,30.00,W,59.2833,-1.5000,95,5.11,2,"N,CH",CH
7,JO-06,59,17.00,N,1,20.00,W,59.2833,-1.3333,110,5.11,2,"S, N,CH","S, CH"
8,JO-06A,59,17.00,N,1,10.00,W,59.2833,-1.1667,120,5.11,1,"N, T,O,CH, DS","N,O,CH, DS"
9,JO-07,59,17.00,N,1,0.00,W,59.2833,-1.0000,125,5.11,2,"S, N,CH","S, CH"
10,JO-08,59,17.00,N,0,40.00,W,59.2833,-0.6667,120,10.22,2,"N,CH",CH
11,JO-09,59,17.00,N,0,20.00,W,59.2833,-0.3333,140,10.22,2,"S, N,CH","S, CH"
12,JO-10,59,17.00,N,0,0.00,E,59.2833,0.0000,135,10.22,1,"N, T,O/OCal, CH, DS","N, O/OCal, CH, DS"
101,JO-06_VM17,59,17.00,N,1,24.90,W,59.2833,-1.4150,,,,,
102,JO-06_VM16,59,17.00,N,1,23.92,W,59.2833,-1.3987,,0.50,,,
103,JO-06_VM15,59,17.00,N,1,22.94,W,59.2833,-1.3823,,0.50,,,
104,JO-06_VM14,59,17.00,N,1,21.96,W,59.2833,-1.3660,,0.50,,,
105,JO-06_VM13,59,17.00,N,1,20.98,W,59.2833,-1.3497,,0.50,,,
106,JO-06,59,17.00,N,1,20.00,W,59.2833,-1.3333,,0.50,,,
107,JO-06_VM11,59,17.00,N,1,19.02,W,59.2833,-1.3170,,0.50,,,
108,JO-06_VM10,59,17.00,N,1,18.04,W,59.2833,-1.3007,,0.50,,,
109,JO-06_VM9,59,17.00,N,1,17.06,W,59.2833,-1.2843,,0.50,,,
110,JO-06_VM8,59,17.00,N,1,16.08,W,59.2833,-1.2680,,0.50,,,
111,JO-06_VM7,59,17.00,N,1,15.10,W,59.2833,-1.2517,,0.50,,,
112,JO-06_VM6,59,17.00,N,1,14.12,W,59.2833,-1.2353,,0.50,,,
113,JO-06_VM5,59,17.00,N,1,13.14,W,59.2833,-1.2190,,0.50,,,
114,JO-06_VM4,59,17.00,N,1,12.16,W,59.2833,-1.2027,,0.50,,,
115,JO-06A_VM3,59,17.00,N,1,11.18,W,59.2833,-1.1863,,0.50,,,
116,JO-06A,59,17.00,N,1,10.20,W,59.2833,-1.1700,,0.50,,,
117,JO-06A_VM1,59,17.00,N,1,9.22,W,59.2833,-1.1537,,0.50,,,
118,JO-06A_VM0,59,17.00,N,1,8.24,W,59.2833,-1.1373,,0.50,,,
119,JO-06A_VMA,59,17.00,N,1,7.26,W,59.2833,-1.1210,,0.50,,,
120,JO-06A_VMB,59,17.00,N,1,6.28,W,59.2833,-1.1047,,0.50,,,
121,JO-06A_VMC,59,17.00,N,1,5.30,W,59.2833,-1.0883,,0.50,,,
201,OU31 / JO-01,59,17.00,N,2,14.00,W,59.2833,-2.2333,,,,,
202,OU30 / JO-02,59,17.00,N,1,56.00,W,59.2833,-1.9333,,9.20,,,
203,OU29 / JO-04,59,17.00,N,1,38.00,W,59.2833,-1.6333,,9.20,,,
204,OU28 / JO-06,59,17.00,N,1,19.00,W,59.2833,-1.3167,,9.71,,,
205,OU27 / JO-07,59,17.00,N,0,59.00,W,59.2833,-0.9833,,10.22,,,
206,OU26 / JO-08,59,17.00,N,0,39.00,W,59.2833,-0.6500,,10.22,,,
207,OU25 / JO-09,59,17.00,N,0,20.00,W,59.2833,-0.3333,,9.71,,,
208,OU24 / JO-10,59,17.00,N,0,0.00,E,59.2833,0.0000,,10.22,,,
209,OU23,59,17.00,N,0,20.00,E,59.2833,0.3333,,10.22,,,
210,OU22,59,17.00,N,0,40.00,E,59.2833,0.6667,,10.22,,,
211,OU21,59,17.00,N,1,0.00,E,59.2833,1.0000,,10.22,,,
212,OU20,59,17.00,N,1,19.00,E,59.2833,1.3167,,9.71,,,
213,OU19,59,17.00,N,1,39.00,E,59.2833,1.6500,,10.22,,,
214,OU18,59,17.00,N,2,0.00,E,59.2833,2.0000,,10.73,,,
215,OU17,59,17.00,N,2,15.00,E,59.2833,2.2500,,7.67,,,
216,OU16,59,17.00,N,2,31.00,E,59.2833,2.5167,,8.18,,,
217,OU15,59,17.00,N,2,45.00,E,59.2833,2.7500,,7.16,,,
218,OU14,59,17.00,N,2,54.00,E,59.2833,2.9000,,4.60,,,
219,OU13,59,17.00,N,3,4.00,E,59.2833,3.0667,,5.11,,,
220,OU12,59,17.00,N,3,13.00,E,59.2833,3.2167,,4.60,,,
221,OU11,59,17.00,N,3,22.00,E,59.2833,3.3667,,4.60,,,
222,OU10,59,17.00,N,3,32.00,E,59.2833,3.5333,,5.11,,,
223,OU9,59,17.00,N,2,41.00,E,59.2833,2.6833,,26.07,,,
224,OU8,59,17.00,N,3,51.00,E,59.2833,3.8500,,35.78,,,
225,OU7,59,17.00,N,4,2.00,E,59.2833,4.0333,,5.62,,,
226,OU6,59,17.00,N,4,11.00,E,59.2833,4.1833,,4.60,,,
227,OU5,59,17.00,N,4,20.00,E,59.2833,4.3333,,4.60,,,
228,OU4,59,17.00,N,4,30.00,E,59.2833,4.5000,,5.11,,,
229,OU3,59,17.00,N,4,40.00,E,59.2833,4.6667,,5.11,,,
230,OU2,59,17.00,N,4,50.00,E,59.2833,4.8333,,5.11,,,
231,OU1A,59,17.00,N,4,56.00,E,59.2833,4.9333,,3.07,,,
231,OU1,59,17.00,N,5,2.00,E,59.2833,5.0333,,3.07,,,